{"cameraMode":{"drawMode":0,"name":"Shaded","section":"Shading Mode"},"sceneLighting":true,"audioPlay":false,"sceneViewState":{"showFog":true,"showMaterialUpdate":false,"showSkybox":true,"showFlares":true,"showImageEffects":true,"showParticleSystems":true},"in2DMode":false,"pivot":{"x":220.29559326171876,"y":2.175072193145752,"z":228.69061279296876},"rotation":{"x":-0.12458857148885727,"y":0.8753986358642578,"z":-0.332814484834671,"w":-0.32770392298698428},"size":14.908905982971192,"orthographic":false}