{"cameraMode":{"drawMode":0,"name":"Shaded","section":"Shading Mode"},"sceneLighting":true,"audioPlay":false,"sceneViewState":{"showFog":true,"showMaterialUpdate":false,"showSkybox":true,"showFlares":true,"showImageEffects":true,"showParticleSystems":true},"in2DMode":false,"pivot":{"x":-0.14648614823818208,"y":-0.9941017627716065,"z":0.9939736723899841},"rotation":{"x":-0.07377224415540695,"y":0.9228776097297669,"z":-0.22321370244026185,"w":-0.30501192808151247},"size":7.298144340515137,"orthographic":false}