{"cameraMode":{"drawMode":0,"name":"Shaded","section":"Shading Mode"},"sceneLighting":false,"audioPlay":false,"sceneViewState":{"showFog":true,"showMaterialUpdate":false,"showSkybox":false,"showFlares":true,"showImageEffects":true,"showParticleSystems":true},"in2DMode":false,"pivot":{"x":0.88028883934021,"y":0.7876560688018799,"z":-65.69999694824219},"rotation":{"x":-0.001581385382451117,"y":0.9954296350479126,"z":-0.016734395176172258,"w":-0.09404672682285309},"size":3.4254674911499025,"orthographic":false}