{"cameraMode":{"drawMode":0,"name":"Shaded","section":"Shading Mode"},"sceneLighting":true,"audioPlay":false,"sceneViewState":{"showFog":true,"showMaterialUpdate":false,"showSkybox":true,"showFlares":true,"showImageEffects":true,"showParticleSystems":true},"in2DMode":false,"pivot":{"x":1062.650146484375,"y":40.5513916015625,"z":-20.3466796875},"rotation":{"x":-0.015354316681623459,"y":0.9144912362098694,"z":-0.40281569957733157,"w":-0.0348581001162529},"size":867.404541015625,"orthographic":false}